BAGNUMIDENTIFICATIE,B_NUMMERAANDUIDING,OPENBARERUIMTENAAM,B_OPENBARERUIMTE,POSTCODE,B_POSTCODE,HUISNUMMER,B_HUISNUMMER,HUISLETTER,B_HUISLETTER,HUISNUMMERTOEVOEGING,B_HUISNUMMERTOEVOEGING,WOONPLAATSNAAM,B_WOONPLAATSNAAM,x,y
114200000365839,114200000365839,Laan van het Kwekebos,Laan van het Kwekebos,7823KK,7823KK,399,399,,,gb18,GB18,Emmen,Emmen,772532.5729779516,6945308.895618963
114200000401956,114200000401956,Europaweg,Europaweg,7766AP,7761AL,122,122,A,A,,,Schoonebeek,Schoonebeek,766182.1223651073,6920883.112626739
114200000401956,114200000401956,Europaweg,Europaweg,7766AP,7761AL,122,122,A,A,,,Schoonebeek,Schoonebeek,766182.1223651073,6920883.112626739
114200000401959,114200000401959,Europaweg,Europaweg,7766AP,7761AL,122,122,D,D,,,Schoonebeek,Schoonebeek,766172.0463025336,6920869.572636297
114200000401957,114200000401957,Europaweg,Europaweg,7766AP,7761AL,122,122,B,B,,,Schoonebeek,Schoonebeek,766179.4082869639,6920878.150393962
114200000341387,114200000341387,Kosterijweg,Kosterijweg,7761AZ,7761BC,10,10,,,,,Schoonebeek,Schoonebeek,766493.6278402045,6920315.750499894
114200000341387,114200000341387,Kosterijweg,Kosterijweg,7761AZ,7761BC,10,10,,,,,Schoonebeek,Schoonebeek,766493.6278402045,6920315.750499894
114200000341387,114200000341387,Kooikerlaan,Kosterijweg,7761AZ,7761BC,50,10,,,,,Schoonebeek,Schoonebeek,766493.6278402045,6920315.750499894
