BAGNUMIDENTIFICATIE,B_NUMMERAANDUIDING,OPENBARERUIMTENAAM,B_OPENBARERUIMTE,POSTCODE,B_POSTCODE,HUISNUMMER,B_HUISNUMMER,HUISLETTER,B_HUISLETTER,HUISNUMMERTOEVOEGING,B_HUISNUMMERTOEVOEGING,WOONPLAATSNAAM,B_WOONPLAATSNAAM,x,y
158200000008059,158200000008059,Dekkersweg,Dekkersweg,7482NJ,7482NJ,14,4,,,,,Haaksbergen,Haaksbergen,747196.5773565078,6830663.3080847785
158200000007182,158200000007182,Goorsestraat,Hassinkbrinkweg,7482CL,7482RH,74,1,,,,,Haaksbergen,Haaksbergen,748081.0886687313,6830532.858433721
158200000003200,158200000003200,Eibergsestraat,Eibergsestraat,7481HM,7481HM,58,58,a,b,,,Haaksbergen,Haaksbergen,749987.7603966832,6827786.497895895
158200000003466,158200000003466,Elektrostraat,Elektrostraat,7483PG,7483PG,4,4,a,b,,,Haaksbergen,Haaksbergen,750946.9031734267,6831785.389503257
158200000010257,158200000010257,Ruwerstraat,Ruwerstraat,7481KV,7481KV,14,20,,,,,Haaksbergen,Haaksbergen,748770.3713769481,6828109.212259948
158200000140149,158200000140149,Rietmolenweg,Rietmolenweg,7482NX,7482NX,36,34,,,,,Haaksbergen,Haaksbergen,744555.4253917286,6830704.731145575
158200000140150,158200000140150,Rietmolenweg,Rietmolenweg,7482NX,7482NX,36,34,a,b,,,Haaksbergen,Haaksbergen,744546.1400823868,6830705.658413389
