BAGNUMIDENTIFICATIE,B_NUMMERAANDUIDING,OPENBARERUIMTENAAM,B_OPENBARERUIMTE,POSTCODE,B_POSTCODE,HUISNUMMER,B_HUISNUMMER,HUISLETTER,B_HUISLETTER,HUISNUMMERTOEVOEGING,B_HUISNUMMERTOEVOEGING,WOONPLAATSNAAM,B_WOONPLAATSNAAM,x,y
855200000119495,855200000119495,Dr. Paul Janssenweg,Dr. Paul Janssenweg,5026RH,5026RH,156,154.0,,,,,Tilburg,Tilburg,563079.0214709082,6717492.76300085
855200000119494,855200000119494,Dr. Paul Janssenweg,Dr. Paul Janssenweg,5026RH,5026RH,154,152.0,,,,,Tilburg,Tilburg,563233.3180136504,6717468.700126125
855200000046088,855200000046088,Stadhuisplein,Stadhuisplein,5038TG,5038TG,266,267.0,,,,,Tilburg,Tilburg,566405.4683003909,6720111.782722185
855200000113037,855200000113037,Nieuwe Bosscheweg,Nieuwe Bosscheweg,,,77,77.0,,,01,15,Tilburg,Tilburg,567826.3706971711,6720969.346003699
855200000120391,855200000120391,Oude Dijk,Oude Dijk,5038VL,5038VM,5,5.0,,,,,Tilburg,Tilburg,565995.7539815112,6719603.480629569
